Name,Gender,Age,Height,Weight
-1.414213562373095,-1.224744871391589,0.7071067811865475,-0.5710402407201607,-0.879147748310134
-0.7071067811865475,0.816496580927726,-0.7071067811865475,1.3324272283470417,1.1721969977468452
0.0,0.816496580927726,0.0,0.0,0.4884154157278522
0.7071067811865475,-1.224744871391589,-1.414213562373095,-1.522773975253762,-1.4652462471835566
1.414213562373095,0.816496580927726,1.414213562373095,0.761386987626881,0.6837815820189931
